slice_z,median_intensity,smoothed_median,threshold,foreground_voxels
0,32246.0,32249.652774781644,40402.6438465409,29829
1,32259.0,32250.69550219724,40403.6865739565,31281
2,32260.0,32225.321824479997,40378.31289623925,30835
3,32198.0,32122.969379530812,40275.96045129007,29501
4,31977.0,31896.008928240743,40049.0,33743
5,31539.0,31579.471925764326,39732.46299752359,52834
6,31219.0,31303.153189280463,39456.14426103972,79022
7,31071.0,31165.99801359863,39318.98908535788,93150
8,31170.0,31150.433750375465,39303.42482213472,86436
